{
    "episodes": [
        0,
        1500,
        3000,
        4500,
        6000,
        7500,
        9000,
        10500,
        12000,
        13500,
        15000,
        16500,
        18000,
        19500,
        21000,
        22500,
        24000,
        25000
    ],
    "win_rates": [
        0.02,
        0.03,
        0.05,
        0.088,
        0.128,
        0.194,
        0.198,
        0.274,
        0.29,
        0.338,
        0.346,
        0.396,
        0.404,
        0.418,
        0.392,
        0.412,
        0.426,
        0.0
    ],
    "opponent_depths": [
        1,
        1,
        1,
        1,
        1,
        1,
        1,
        1,
        1,
        1,
        1,
        1,
        1,
        1,
        1,
        1,
        1,
        2
    ],
    "training_times": [
        0.02955341339111328,
        88.83474898338318,
        184.2164294719696,
        288.264888048172,
        397.7096803188324,
        520.3317604064941,
        622.0449070930481,
        722.1408140659332,
        810.8979675769806,
        907.3814978599548,
        1011.1827080249786,
        1103.3811373710632,
        1220.4901225566864,
        1317.5543491840363,
        1423.5243704319,
        1624.445628643036,
        1950.1437273025513,
        2210.626102209091
    ]
}