{
    "episodes": [
        0,
        1500,
        3000,
        4500,
        6000,
        7500,
        9000,
        10500,
        12000,
        13500,
        15000,
        16500,
        18000,
        19500,
        21000,
        22500,
        24000
    ],
    "win_rates": [
        0.0,
        0.0,
        0.0,
        0.0,
        0.0,
        0.0,
        0.0,
        0.0,
        0.0,
        0.0,
        0.0,
        0.0,
        0.0,
        0.0,
        0.0,
        0.0,
        0.0
    ],
    "opponent_depths": [
        2,
        2,
        2,
        2,
        2,
        2,
        2,
        2,
        2,
        2,
        2,
        2,
        2,
        2,
        2,
        2,
        2
    ],
    "training_times": [
        0.23855352401733398,
        1656.6815302371979,
        3499.4023444652557,
        5479.551262617111,
        7454.880686998367,
        9491.099664449692,
        11553.75354218483,
        13657.45968914032,
        15695.122251033783,
        17678.284626483917,
        19586.156022548676,
        21421.54039001465,
        23213.25956106186,
        24985.482223510742,
        26685.081223726273,
        28367.52437877655,
        30099.085988998413
    ]
}